Daily update: Mon Oct 27 17:57:23 UTC 2025
Daily update: Mon Oct 27 18:52:18 UTC 2025
Daily update: Tue Oct 28 18:56:25 UTC 2025
Daily update: Wed Oct 29 18:53:27 UTC 2025
Daily update: Thu Oct 30 18:58:28 UTC 2025
Daily update: Fri Oct 31 18:57:22 UTC 2025
Daily update: Sat Nov  1 18:43:50 UTC 2025
Daily update: Sun Nov  2 18:42:57 UTC 2025
Daily update: Mon Nov  3 18:47:53 UTC 2025
Daily update: Tue Nov  4 18:52:32 UTC 2025
Daily update: Wed Nov  5 18:53:59 UTC 2025
Daily update: Thu Nov  6 18:56:02 UTC 2025
Daily update: Fri Nov  7 18:47:39 UTC 2025
Daily update: Sat Nov  8 18:46:44 UTC 2025
Daily update: Sun Nov  9 18:43:50 UTC 2025
Daily update: Mon Nov 10 18:53:38 UTC 2025
Daily update: Tue Nov 11 18:52:15 UTC 2025
